model,threshold,precision,recall,f1_score,support
HGB,0.27,0.2,0.5263157894736842,0.2898550724637681,19
SGD,0.27,0.3684210526315789,0.3684210526315789,0.3684210526315789,19
