threshold,precision,recall,f1_score,support
0.2,0.47058823529411764,0.42105263157894735,0.4444444444444444,19
