Model,Class,Precision,Recall,F1-score,Support,Accuracy
LogisticRegression,normal,0.9946839929119905,0.9847953216374269,0.9897149573905377,3420,0.9799196787148594
LogisticRegression,anomaly,0.9487179487179487,0.7872340425531915,0.8604651162790697,47,0.9799196787148594
LogisticRegression,drain,0.18032786885245902,0.5789473684210527,0.275,19,0.9799196787148594
RandomForest,normal,0.9962110171961527,0.9994152046783625,0.9978105386075026,3420,0.995697074010327
RandomForest,anomaly,1.0,0.9787234042553191,0.989247311827957,47,0.995697074010327
RandomForest,drain,0.7777777777777778,0.3684210526315789,0.5,19,0.995697074010327
GradientBoosting,normal,0.9962065946892326,0.9982456140350877,0.9972250620709799,3420,0.9945496270797476
GradientBoosting,anomaly,1.0,1.0,1.0,47,0.9945496270797476
GradientBoosting,drain,0.5,0.3157894736842105,0.3870967741935484,19,0.9945496270797476
