Model,Class,Precision,Recall,F1-score,Support,Accuracy
LogisticRegression,normal,0.9880779296307066,0.9935672514619883,0.990814987607523,3420,0.9819277108433735
LogisticRegression,anomaly,0.8421052631578947,0.3404255319148936,0.48484848484848486,47,0.9819277108433735
LogisticRegression,drain,0.32142857142857145,0.47368421052631576,0.3829787234042553,19,0.9819277108433735
RandomForest,normal,0.9921121822962313,0.9929824561403509,0.9925471284524331,3420,0.9853700516351118
RandomForest,anomaly,0.6111111111111112,0.7021276595744681,0.6534653465346535,47,0.9853700516351118
RandomForest,drain,0.6666666666666666,0.3157894736842105,0.42857142857142855,19,0.9853700516351118
GradientBoosting,normal,0.9906569343065693,0.9921052631578947,0.9913805697589482,3420,0.9830751577739529
GradientBoosting,anomaly,0.5740740740740741,0.6595744680851063,0.6138613861386139,47,0.9830751577739529
GradientBoosting,drain,0.42857142857142855,0.15789473684210525,0.23076923076923078,19,0.9830751577739529
