Model,Class,Precision,Recall,F1-score,Support,Accuracy
LogisticRegression,normal,0.997489014438167,0.9292397660818713,0.9621556161065697,3420,0.9282845668387837
LogisticRegression,anomaly,0.44339622641509435,1.0,0.6143790849673203,47,0.9282845668387837
LogisticRegression,drain,0.05670103092783505,0.5789473684210527,0.10328638497652583,19,0.9282845668387837
RandomForest,normal,0.9970919665576155,0.802046783625731,0.8889969210824826,3420,0.8034997131382674
RandomForest,anomaly,0.5402298850574713,1.0,0.7014925373134329,47,0.8034997131382674
RandomForest,drain,0.016975308641975308,0.5789473684210527,0.03298350824587706,19,0.8034997131382674
GradientBoosting,normal,0.9971243709561467,0.8111111111111111,0.8945501451144792,3420,0.8123924268502581
GradientBoosting,anomaly,0.573170731707317,1.0,0.7286821705426356,47,0.8123924268502581
GradientBoosting,drain,0.017684887459807074,0.5789473684210527,0.0343213728549142,19,0.8123924268502581
