,precision,recall,f1-score,support
normal,0.9970743124634289,0.9964912280701754,0.9967826849956127,3420.0
anomaly,1.0,1.0,1.0,47.0
drain,0.42857142857142855,0.47368421052631576,0.45,19.0
accuracy,0.993689041881813,0.993689041881813,0.993689041881813,0.993689041881813
macro avg,0.8085485803449525,0.8233918128654971,0.815594228331871,3486.0
weighted avg,0.9940152053263868,0.993689041881813,0.9938458929102111,3486.0
